{
  "base_consumption": 52000.0,
  "thermosensitivity": 300.0,
  "temp_reference": 16.0,
  "weekend_factor": 0.9783141767283882,
  "renewable_factor": 0.12,
  "red_threshold_offset": 0.3,
  "white_threshold_offset": 0.2,
  "red_probability_scale": 1.9,
  "white_probability_scale": 1.8,
  "calibration_date": "2026-03-14",
  "calibration_accuracy": 0.7554455445544555,
  "calibration_red_recall": 1.0,
  "calibration_white_recall": 0.3058823529411765,
  "calibration_macro_f1": 0.5416130261103241,
  "calibration_sample_count": 2020,
  "monthly_adjustments": {
    "11": 0.8817777777777778,
    "7": 0.86,
    "12": 0.9520430107526882,
    "2": 0.94,
    "4": 0.8712,
    "10": 0.86,
    "5": 0.8609032258064516,
    "3": 0.9111242603550296,
    "1": 1.0283870967741935,
    "6": 0.8674666666666666,
    "8": 0.86,
    "9": 0.86
  }
}