{
  "sequence_length": 14,
  "hidden_size": 64,
  "num_layers": 2,
  "input_size": 24,
  "feature_means": [
    0.47876986861228943,
    0.4870932698249817,
    0.5323787927627563,
    0.26351168751716614,
    0.46571657061576843,
    0.16135698556900024,
    2.4248228073120117,
    0.4338287115097046,
    0.4324430823326111,
    0.22132372856140137,
    0.12942267954349518,
    1.3182041645050049,
    1.7777094841003418,
    0.7545038461685181,
    0.11105135083198547,
    0.13444474339485168,
    0.7547727823257446,
    0.11105135083198547,
    0.1341758519411087,
    0.7550416588783264,
    0.11078246682882309,
    0.1341758519411087,
    0.13425268232822418,
    0.11083945631980896
  ],
  "feature_stds": [
    0.28084638714790344,
    0.3296572268009186,
    0.30363568663597107,
    0.4405375123023987,
    0.49882325530052185,
    0.693509042263031,
    4.586659908294678,
    0.4352185130119324,
    0.40574607253074646,
    0.1543547809123993,
    0.1847161501646042,
    4.299668312072754,
    4.235344886779785,
    0.4303809404373169,
    0.3141957223415375,
    0.3411295413970947,
    0.430221825838089,
    0.3141957223415375,
    0.3408411741256714,
    0.430062472820282,
    0.3138625919818878,
    0.3408411741256714,
    0.12776045501232147,
    0.1195317953824997
  ]
}